7.4685880558363245,9.37081325641864,7.383890804278398,0.617113831111979,-5.345433440454186,-9.772023914451403,-1.3906236341501899,-1.952972799252704,0.4534934270513915,-0.4321640839519514,1.1071294764466089,0.8677203508508065,5.2179115120585795,4.247491481641825,2.3936419220687917,-1.4781645904761564,-4.218499439638245,9.477104824008926,-3.324519089786593,-5.623978783603441,-8.683832244255772,9.657410931068675,-7.442885741499364,-3.557384135916413,-8.581143104996025,-5.504601220639092,-2.1273017011279016,7.922900097612704,-3.0907677600426586,9.694988745705427,-9.425359020734092,-2.966305274597598,-2.38082221592294,5.283202627319202,8.776078266215436,-3.6062040706594463,-1.3504813441916834,-4.597085168170693,6.021117726527891,2.764776122462427,-8.626197330836856,2.072889527382225,5.911491168579532,-9.359836871484063,-0.8910435578813392,5.803450826765712,9.771930362274585,1.6792908700193347,-9.221754047153564,-1.0715418496419478,-6.236549694133715,2.541112937104968,-5.693644010545076,-6.980597846850072,0.7228861335914889,-7.9922641155090135,4.6231686396132545,8.793020788823497,8.866363689264038,-2.505229899644476,1.9150049174805162,3.239654245489355,0.2116091050654063,-0.5821483671230094,-9.822554288296983,-8.642071928692616,-1.3036754323282231,-1.3701273823927842,-6.282326289604581,0.5941063340380914
1.9817250588027875,4.418489333751669,-3.8720828672153296,-1.912090704504692,6.4556484099505305,1.7426070247059435,4.130310868109126,0.21164493364364922,6.601233219862351,4.413560229596438,7.32523365763295,-5.93180455696019,-4.0293029743274955,-0.4839195587245211,-0.12791004157064023,2.153522614355751,6.378711540651725,0.5544767683982421,8.784082720477432,4.467668299745476,-6.424859686642648,2.3945083319181784,1.2456676792326693,5.268092292742928,6.132926704264516,-4.027495948944,-7.232305865678194,2.7079582835772733,-9.833832511348593,5.771665289957788,0.04154785270976902,9.942373230730439,9.680812947469612,-5.458427468334492,6.999145803794416,6.256350712763432,-5.277312594955008,3.137065884111486,9.543420030965184,4.631370296048187,-8.08743277398227,0.0121221188863192,-0.7527984292395811,-9.985122211131877,9.778778809208443,7.5523988235019,-5.655776941675715,2.107550026252339,-0.5609375892814192,-2.8178217041343956,0.5858490461666026,1.2964622136747632,6.670980024983809,-8.74373355030022,2.1273324631484325,0.07225489881377456,-6.794026143488905,-7.091090428874544,2.756817240431591,7.658122807225972,-9.342683782988573,-1.4395619706375982,7.557861465229912,-0.46985841029334274,-2.648589249018145,-5.1869949628184315,-9.035364456727404,-6.496664415817001,1.1355086533269887,0.6017096594580078
0.8844310123399897,-4.01894502766567,7.3084806242892455,6.938930870932058,-0.685992667389792,5.027163935716041,5.671413455333564,-2.638063029410194,-6.453737987319763,-4.942589926979362,-5.258178809078968,-2.1620887630089136,-9.855871809757197,-4.382182999267812,0.7414023389188156,-1.538813926440417,0.6365264909474924,4.801547195278246,8.624308788499093,-3.4800589506725483,-4.588529559761698,-0.47552176057324935,2.192324204608603,-6.254991315655007,-9.440092690208765,-5.920128999833771,-5.097908779112814,-1.273388752405415,2.6185848427631484,-3.971527670273762,9.510134264914718,7.422966827341966,2.4146406279070547,-3.2422585150788352,-6.605367900733561,3.1946030250177966,4.3089813955849685,-8.677985664154551,5.502324207202051,7.772576222308171,2.6444754580572187,4.0670503987221895,7.268884461188598,8.974478197729233,-2.9624715619420154,-8.815963903920707,-3.780898171458798,-6.582980492165664,-2.519025200371024,0.0794206386544083,5.809838059858654,9.049638002062363,-4.203583318001199,9.04028188815277,-6.319114699421005,-1.1987729319982048,-6.350010411534253,-4.786980653096398,-9.6558620442079,-5.074407670235582,-2.269762167672102,-0.05663896896484566,-3.9291703594857914,-9.739178847978431,7.537002561670356,-5.27809866771176,-5.621970488769586,-9.91669602431097,-4.799381288545613,-4.500150020136222
1.4684291680406947,0.40813185968472254,5.984595116339825,5.566890215378091,8.601574709346789,0.514198571290013,8.699145188970409,6.32729922365505,-6.21700427090736,3.9499027201703143,8.299432038464087,8.061028786147947,7.234020706920738,2.9527279182602335,9.200852511046353,-4.999664628086484,3.9474799365163875,-7.527363936409259,3.2553503427117008,4.192816425379245,3.4396876802110086,-0.036992280971448466,-1.7719792184519996,7.333583891642871,-0.6050260965812999,-3.6435646883533384,-9.057257046835312,3.182463367016517,5.1113566783484075,0.07746099272203821,4.589338512339214,2.793774130692942,0.04367470292431186,-6.234151589492189,-2.8557670801948243,4.5944471493477295,5.0112852025734895,-8.937454183018517,-1.4372830597241197,2.1814081866228,4.645617005250367,-2.0166478055681054,0.8884788561555759,-2.4291109202648764,-3.198366731973536,-3.475530122343791,6.41252547126129,-8.452683954161191,-9.27268079975649,3.7013645531280694,-2.7401229842406893,8.807406793708793,-6.5896402122659214,-1.7666793490721382,-2.0286287566748795,0.21146913418220592,-6.861814394802366,9.653324235596514,2.6550514896192308,8.593377228227087,2.79410978193682,2.7179626097511917,2.01998054911747,-5.07568565852827,-4.266396996085897,-6.663345024152543,4.15039617207899,7.122764361485341,-5.611081174661027,-8.75833405960359
-1.9308309736525509,9.31420870355764,-7.107444907814761,1.1094782825345142,5.531885098775135,-6.101811577945906,-3.0251898785432862,-5.546531288783321,-0.661431670533597,8.702757927645646,2.6243836339541318,-7.789309734798639,-3.1445449632883493,4.075056148561266,9.89056855028156,-2.7599699230325925,0.3791045908537978,-5.523394798579702,-3.05059951431706,-7.341618515838972,-6.31135642834394,-4.021773724164754,-9.028368917439451,-4.444024189685932,-8.337807675203361,-9.417063478041523,9.292451638678788,-3.472055638170133,3.77011518439941,-4.405692766813951,-1.1944135844888812,6.385654675063414,5.86934528597785,0.5205545038935178,-2.923369110383387,-3.4959097405718538,7.661468348394379,-7.760898678477092,-2.3437498664604073,-9.184804661860596,2.6835031334421586,8.843612284370913,1.378008920806625,-2.7354860407487624,-3.741928409343056,4.061518074687802,-7.049684453544332,4.4220585092578,-6.740956026771854,-4.412752635425335,9.443582214596987,-3.376714392213646,9.222693828588099,7.984051752182289,-6.222007755212944,-9.296840313960804,-2.5187972840800192,3.854109216677294,9.009843595882813,-2.8429621803181737,-2.627557748179134,-7.226818071803094,5.130251334717217,-0.6335487801112052,-0.3684760464677126,-6.242910562060042,-8.911556640666532,3.730649344857424,-0.3395481922123693,6.547021103669547
-9.444478670279064,6.6525490693027365,6.78837656487698,-4.453780892968235,-3.3915568762946062,4.517981242257299,4.762355458992486,5.8931846739604925,-8.320352606800526,-0.8756540220341851,7.015575792329589,9.78404191333684,4.472678196769891,6.163825841235077,-7.753295211947881,9.59787712705787,-3.4915439967060546,-6.4377035504592754,3.404307766880166,-9.868095135723504,-1.5644560955067117,3.9285250591029612,-9.909018312122178,-3.5179963616620054,-7.147101017594957,-7.608726248796436,8.786113689463683,-8.510467973405138,-0.5075126871606432,-3.269013213144694,8.657002328199994,1.652754448094898,3.594258117248204,-0.7534139721549522,3.316791497005358,-8.714566895327723,0.4987707756816313,7.378012742920529,0.578076527341242,-1.970876005633901,-8.200679215253583,3.055529943676669,3.6844793646810174,3.9677839447956096,-5.069233380661064,-1.844517923072468,-0.45640089636315295,-4.351664059137754,-2.1639448430384123,-8.851687034952585,-0.012406720483639333,-1.64648558949221,-1.9509088372838956,-6.138021749432827,-0.04386791885777619,2.960300539836588,2.6622542533852833,7.087405682757268,-9.622210143237437,-5.9769704052210715,1.7075628871091109,8.582542240980672,7.341481695533719,-0.9876053555167488,9.80232608466423,-7.142173734152393,-3.7418906171132793,-9.981444106531809,-2.612887756444464,-5.343455289664025
-4.803587709825736,9.279465170034523,-3.0741793098598436,-9.903505187362558,2.9955058867155255,8.827405210162059,0.12008609149769534,3.5032710084591994,9.577555924338853,-1.4374542270603285,5.3390810287692645,-8.591490506644288,2.308110456632985,-2.2946788242348397,7.9196562361358644,-3.806573911855753,-4.5834366716501185,-2.739156022154585,-9.378527452139284,-3.042698434663249,-5.990651246009968,6.315622369447894,-7.977647974889344,-9.370086855367889,0.12526212186213925,2.1192309789915953,-0.36882215340362734,-7.194638478887407,0.6653136419307497,6.10638622252306,7.021169646599098,7.812343032543566,5.753333754562382,8.8804375327664,-3.4786725692945293,-6.4895440653051555,4.451715972522191,2.3006708357040058,-9.633465239554537,7.616554911101481,4.587346474886898,-2.4471843443997905,2.887966886447348,-1.0678098129932483,-6.509040771635992,-1.287120387701016,-1.7489340031581495,-9.636065427650944,-9.976430707650403,5.022146779390319,5.400110042222222,3.7962980434564226,-6.27181882806129,3.582664385904174,-9.363350298288534,7.637476587033444,-9.468599306905885,1.8414780836289104,-9.279535950191661,2.3623703053240988,-9.544469268091442,3.3740210334492886,1.5567710092386289,-0.46918709370733325,-4.078040695916827,-0.8133032382687126,6.435940940317888,-2.5644001446300653,-6.916213240111652,3.6616859926840526
2.0460919807264144,0.933574438419349,-0.032516849697969974,-5.95315038096778,5.213975109022089,3.0803765348650813,7.451782196033399,2.3615599496490898,3.3654497238032164,-2.5110236734802527,-2.836627654759541,-1.2357068896894834,0.6824044320322802,9.942065255595573,-3.5167441541963695,-6.392286689101163,-7.276069011466991,5.552838904957227,-7.681605827550577,-8.142307552285304,9.933007312297612,8.004655929411268,5.814447663439884,-5.057342082606984,-6.28146171313478,3.5582001850950356,-8.847422176740412,-0.571949532151967,8.354974719711969,2.486490932313803,-2.974836032406958,6.966913267584463,-7.935061900043809,2.76980378448372,2.7327933399859923,7.762885519918186,7.750600570622609,-5.417688112580059,-1.698553911000376,-3.0322730169558154,6.689634484324241,-0.012429498151430352,4.300303200533534,-7.8134842342906285,-3.228850292766068,5.4121527500895645,-9.911787577348372,-3.810370730386376,-7.3090769326762395,5.0061304703821445,-8.819536232867687,-7.178307352233344,0.22952030176087312,3.3132662860517232,-4.783927982577032,5.788488347011846,8.74172490857661,5.949242035746948,-8.174497371284943,4.257024259940552,-3.180151089030434,3.230804662494645,0.36797504234425205,3.8784490721638605,-6.0994352025798815,5.510845494041501,5.634001741256904,7.933025339163706,9.616226382254517,-0.191076061750465
-0.7367785140450316,-0.35466846324870893,-4.398981630869152,2.148702135911284,6.435264448113248,-9.825275179595163,-5.092350780550767,2.0138626360568743,2.401004505523039,-0.554140466416456,0.05754293171019498,5.035643663463711,6.483987101328093,-3.6304036803651503,0.9391868981785834,-1.401905006924654,-6.267323744618507,-4.291098703673832,9.883562522415591,-3.318791984602319,-8.950323607925766,1.2086692113240787,5.544748664302638,-4.566818190577726,-8.562467695867479,-0.5437517737520814,7.423681178916137,4.799803403303377,-2.8995355885442002,7.853779213074134,5.176191305290514,-3.528349157969048,8.128050106094552,-1.2775523868533512,-2.656760303932149,-3.601502222349035,8.19574580654723,5.106043235454067,5.621671580892649,2.8199364157870015,4.691627444690463,-9.786827472456014,-1.4290250267156583,5.697436649057174,8.357002164023001,0.449624010299587,3.7713359474394075,9.03869944842414,1.1584599446074524,1.8760012416205427,-1.313067007931899,-4.084387672474352,3.9534066167207875,-0.6799034914617472,-9.248269864186245,-5.311921507048698,9.462708897009968,4.799368781840821,1.53628831384286,-4.334526288315141,-8.376766613218983,3.2254628434823545,-3.2281860591584977,7.564954168648285,9.083872576954871,5.617800318817514,-2.2052627935008324,-2.957978075298513,-2.355263725417826,5.214376833437726
0.6460585244260777,6.302089268634777,-1.5580374933769559,-1.6750573343342516,5.00467124128847,1.3237805609843356,-9.280322215025423,-2.58508368399065,-4.699655725455287,-8.563059823560526,-9.309005872544464,-0.5125464284043897,-7.224566994304478,-4.779850873183826,-6.1599574965662836,-1.001938882845062,8.686570198552708,-2.3892795326475653,-7.1017759078625,1.3880860141066904,-8.698489517686905,-9.662439606756939,3.220224178221363,2.0756612217752775,2.0666001295072256,-2.820538514802564,-3.839533276818516,6.466701807114713,1.216238076417497,-3.0591792345292568,3.475105778144588,4.002859428392728,3.483968438976241,3.4609616181938776,7.06607945401462,0.5460776468121793,1.298815634589035,5.748407741976338,2.297037164705735,-1.1588533056281527,-6.777504593152925,0.2113072938947287,3.4368614945715983,2.5709704596183727,5.8236784168664,6.2181373959929935,-2.9628147730660714,4.123080075252666,-8.863763774466587,2.193224618229264,-9.296449663578896,8.179089984951084,-0.2240023734883856,8.028297774457378,0.3703835560254465,1.7771096712194314,-4.403303654398821,-2.8418834579276293,1.1684583352309978,1.21843076446115,-0.2550152004658095,9.558659298757508,-2.760104584273506,7.501700880316097,-0.09455829184300768,-0.2648707943558808,9.150244809548383,-2.3085674638225857,6.757803207549209,3.7054159516945155
-3.669148843869361,-5.920788441356248,8.98122532393199,6.8165435848255775,7.497581579774796,-3.5989697848774904,-8.854600986868437,-6.031485901591942,-2.094201079946256,-3.5330323187562707,-2.411753416421263,7.660455172999804,-3.2305065216421607,-9.846195016625591,-4.972416292652733,1.1164793651986749,4.927608628234211,1.9425914073216592,4.170708445671254,6.067279013973614,7.285478437834051,5.33171248656026,2.1558925919669374,0.5521118160412204,4.858131106974762,9.866092285632536,0.21482237567420803,4.91170421741344,-7.793505738316242,-6.435477139993506,0.6179269626248836,9.791883707123045,3.180599072861874,-6.87451505393266,-7.043808758199981,-9.889543777637176,7.18743306380944,-1.6234583218846428,8.753313011849897,-4.3563930761277465,-4.922941408070609,6.165904065021614,-5.193226662942385,3.722568075477861,-7.413620963176488,2.4899592249971114,9.997269450179559,4.435894180470788,0.75478043876317,-6.458165328646304,-3.5116999638662776,-1.9692795300027903,-3.0222217175261896,-3.714098566615287,-6.693985710066899,9.279458905727534,-5.219638355042433,0.17990494632339882,-7.811933206889467,-8.59056348852966,5.230567030587441,-8.78172564905716,0.7124193094685722,-6.8671185579578475,-2.8837427511677056,4.265204825992885,6.936829942780527,1.1171321604737159,-9.294863770570071,-6.889584235040964
5.695576891515779,1.3727385504193705,-5.29676393271483,4.181756139765145,1.6242100240082173,4.769198750824762,0.2103377229533301,1.300329282992113,-8.645873954309248,9.768503852535993,1.7926838200975084,3.447630820021935,-8.579121252580213,4.871133440156033,6.936678107174991,4.1044185780587235,1.6721802477806023,-9.533045682288764,-9.37158822905154,3.0691054659549053,1.6536257061665793,2.5146352315965093,1.610169447497551,-3.731441042123169,7.356336847224632,0.6925213512133901,-9.06918412740335,4.637809640742315,5.23570213142728,8.771903426192587,-6.938769746744589,-5.99878197673974,-6.479289030479123,-1.1183485426734396,5.841266189001663,-0.6974820415385281,4.031888898131651,3.1481253242401035,-8.347287341656294,-2.2407385801763198,0.5435074022984026,-4.733592912699307,1.2352235617940277,1.716789910735475,3.8210516082569157,2.6147701829426673,2.752544885926378,8.12305949171613,-8.348959329678888,5.606051045451103,-4.688438797994885,3.208550545741149,-3.0040670886835708,-3.997442519029546,0.9469265586563651,-4.3726768145317285,7.083342656797857,6.739918219367919,-2.1089186709562675,-9.426607772445175,-9.651102908489362,-6.612926262924612,2.715131248492524,-1.4674431865785422,3.0621411545405834,5.450616447901005,-1.1437077995930203,5.312043735170153,7.832831833727628,-7.2539597299813385
9.291991489082974,4.8958231410480035,2.8517281247956188,8.015904776924412,9.368515744520817,2.23228882556149,-3.7293060700668796,9.877689866835002,-5.655743103998003,2.0053963044154433,-2.102832803737991,3.21763442962785,-7.507450270350233,5.763161446282387,-6.387496416681701,-5.316957520206169,-3.4025057591368135,-8.387696914028586,4.900283881821064,4.777748011332491,1.1677795948129486,-0.15129035511968603,9.019742985453366,-2.732480899832912,8.690259497711118,2.38733468041438,-2.4913921732901256,-6.583649817999097,0.3393103942644533,-6.660572570620051,8.245837620367304,-1.164691232677317,7.807124873821849,-1.1641904949458493,2.583022152228118,-0.05389749260385912,8.618086871427153,-1.6508826516415294,1.519519067615887,-7.252791744577316,-0.5674295529361721,0.6398774788611217,1.8491149642060574,6.672352111774693,6.986121312952896,-1.7266463557727256,9.514450371358393,8.901394926639014,-4.266860446360951,-5.793644338368928,9.507943096056025,9.93191873586617,-6.488197822097432,8.251443419799877,4.189264796273747,9.945285685102547,6.763047017709976,-0.9159719203219137,1.7405862894969975,-7.491124014917037,9.338678415569351,-3.562306805005737,-3.8096368456193215,3.399527498962927,-6.69799514789529,-5.286572787440999,3.2222424078060268,1.64030978270047,8.033919869803178,3.664728448371285
-3.4889887775292783,8.908575509671572,-6.9190957623679195,-2.4742922608634643,-0.07848168528078858,2.933042559593158,-9.66156954722237,6.745667466977828,9.706533558965706,-1.3934688331573355,-7.624040695250624,-5.134170799601669,9.295655804014594,1.1685770393733659,6.460926809982514,-1.4548563286371277,1.1729031651742101,-5.000209230028972,1.3627405800135595,6.810569615671401,1.9903586828952946,-6.795936703451586,4.576597773201183,-6.6149236499180635,-8.803573719555779,-8.519639303227105,-2.303129232981802,-9.810461580651697,-9.438772774319599,-6.1761970582528285,9.486093631540765,6.399874076560849,2.309172621067299,1.7534877316873967,-3.8464459052404365,-7.777645581417638,6.493684593899964,8.072845161922075,6.67305876784954,-5.803083882006037,-7.342447278526512,7.991979048824312,-6.373655499651479,8.119995591291733,8.69055691473698,6.508845398546967,6.301516107037308,-8.505985237393716,-3.433254625415387,2.2724663306434323,2.4868707578552485,1.5242763000036454,0.7513016222467819,-3.4749958229367657,-3.072043679565775,-8.524158739762855,8.223850313291479,6.5545990957305165,-9.181892196030539,7.978217082754071,5.4147861645565705,9.706232718068563,5.875264360223477,-4.076085156931997,1.337217141851525,8.743602742887546,3.1343511037161385,0.6318904848915157,-4.225695110682437,-6.744279869263245
-0.8446916207146771,-2.621763222496538,-6.509101206318009,7.8828592695663104,-4.933474840451602,-0.3616909075126902,-0.9750864022038304,7.965561801542137,-6.353651484656275,-2.4473069842855066,-8.084062319741712,3.7059562797517387,-4.757044923546976,3.599064116039525,8.70657130114066,-7.8867149642327705,-8.952192120410238,1.6420083039169988,-8.617508520175615,-8.775476031274493,-3.781966787208817,6.826129821601324,-2.19762961930988,7.91065472414418,-8.030568561691975,8.211205393090225,4.577090482355191,-7.456299980095538,4.361172237887111,8.14120434704278,6.98927295960911,1.6486540140049257,-4.324249012561079,-0.8077647597782818,8.573823476567426,-1.1121697072016232,-0.7918988067141086,-6.491397823180705,-4.378230798624962,6.053827160007984,-8.953988747827871,-1.7003560101512747,7.707947960327957,6.0120252841986925,-2.335441361697712,-3.2229870075034412,2.474184288522572,2.016187007428961,8.202148701586491,0.7632253430404674,-5.806844369676815,-2.4907723713149306,3.5987616235223925,-0.05614130284767249,-5.255127489178173,5.778388507254551,2.9609091345511906,3.936202722331368,-7.7030944201000455,2.9465179361539526,2.5450846162149574,-7.332319550966197,3.5236186856398977,-6.036740698888739,-6.445566881380147,8.562917353525815,-3.1073752042705642,-4.219726853905172,-0.3901412856024944,3.7982028884171264
-1.1757553265611502,-7.288468875819554,5.195541566051956,6.560353907949963,-6.3892708387891695,8.531827110647399,-9.124437249296273,8.92063655367463,6.981514034001378,-6.110162837872622,-2.370469323934035,5.637436531574586,7.360732807489082,-9.27958416479205,-1.5123276588291983,-4.3307238131480545,-3.2783888137617474,-6.621615767301412,3.9128661182629525,-9.836358394093573,-0.6730280904439176,0.1670889133097404,4.04361688258151,1.2481001892133374,1.2010063952245247,2.909405804687106,0.6194472456473417,-6.336852719686821,-8.99843252319477,1.2815688551239717,1.0647073931003348,-3.696464695236217,-6.530810153057982,-9.645995357630907,-9.069401735259678,-9.495401039567604,-4.479489625504664,5.997867323745467,-0.24312572477153616,0.5104753585568069,-4.265202457949302,3.49425245352586,3.460579155897685,-8.902621137598883,0.3017164745884209,-4.5378769487175274,0.9502078222108956,-3.6368979236086325,6.469237089644956,1.856449060634846,5.583496385857851,-7.423291619681704,9.651661480726549,8.036119422358077,-0.13457307501297855,-6.973571694045879,-5.575181018521729,-7.992950419996621,-5.448965899435598,-1.7095792303373187,-7.541355396845539,5.887145437031867,9.800771273548683,-2.5936353653414663,1.2236072664523228,-6.113017445774764,-2.1667929816627467,5.159504325292243,2.748221294981656,-5.274581253400075
8.790917418075864,-3.0513943177738057,6.025715458126143,-0.8228681736320809,-2.535480197119691,1.9889333225002819,-0.48048530277999113,-7.824472161059324,0.45564559343552524,5.723607718118977,2.006047961382089,5.396151322417657,-4.3391781475666535,1.1147276357789266,-6.160985497341351,7.426732612218586,-6.750285991776881,-4.4518390053200445,-0.41824122998928104,-6.593708361130499,-0.5279161244599884,6.655812255216894,-4.027182111612992,-7.662983883017491,-2.596096365818137,-6.971453123580513,5.548881724730787,7.0396527650108744,0.44284902838107776,9.262333644942057,-7.384311262459164,1.661973222847573,-2.4169069822776423,3.6655111644872402,8.933616034459469,-1.9692973848759294,0.7113421639397348,-1.5936239182232192,-8.082073355949737,-2.746211580975033,8.59047683023556,4.254673348621303,-8.253139598296864,8.130569256225407,5.678673289497553,1.0445978957371551,9.907402995346498,6.8988883260449825,-7.368842110271294,-5.710460956306953,9.273311824203564,-9.553051502398795,1.133909956500542,-3.7415389867230537,2.265461370417153,4.586377206292484,-3.3260270987260316,-4.564095912754942,3.6034838922806287,-4.071799290772864,-0.9517533295161584,5.813664775116134,-4.653724474367708,-7.7214802780303815,1.8676046686184478,-5.489205621390514,3.7512302819565377,-0.2684685575189114,3.8308104292947966,-8.4707090774788
1.0150981613373347,6.087443239298086,4.846846006434767,-3.110437352286411,3.009168986671062,6.690150763088916,-2.583828623771356,-8.462614538764868,-4.247804845631737,-4.502349967205008,6.062898699640485,6.407949487112738,3.21683526304475,3.0207357297224924,-5.20573992487229,0.15252682543555984,3.913999809098879,5.783239191487192,-7.249193055058523,-9.446325358657184,6.264767264955179,-6.936557684326168,5.125628626171,5.031333790134575,7.987365898835964,-1.5247681885203868,-1.084482301499623,-1.9463642652915851,-2.0930654137907023,8.454072984062591,1.7815785520428236,7.0770932449279975,9.870270368535728,-0.25754006423434994,5.450115542281882,-5.324811401985756,2.9676677330073673,5.144107807983776,7.753780817060321,-9.06677719983752,-3.7760839134182174,3.3075008645332193,4.268549944362377,8.033498778433938,-1.9620580831573893,3.9958461301343107,-1.9641213190365576,7.5022781196036235,-1.247022966419344,9.289742266481507,6.832886923449784,8.669571936382646,-7.5019010609847525,-6.382521739338129,8.36503056080048,-5.113656095933714,-2.6915774510210344,-5.336418739892526,2.1636006886604964,-6.125659889510584,3.2084438328794747,-9.458013484978673,9.475194628552408,-9.583169604402709,-1.6112674611040134,-6.995052471118692,-8.288562581984989,-6.789102079178764,-8.944834863613396,9.589147404445942
4.857603532457178,8.367346978570968,4.065930891642521,2.398482928988411,1.1541479035878268,0.1414093147238198,5.593407846391576,-0.2248196903020645,-1.1432268477602534,-1.9058008564951816,-7.969209699678399,3.6528593457170526,-5.199712511737486,7.725774396881128,3.1810743280788643,-3.2894130256022125,5.9285876208817,-8.003324862506194,2.986831389868838,-8.017728550470927,7.563520130861033,-7.679828217421061,-8.377497232727421,2.8416174448690477,0.5031140972331407,-7.720042087674028,-4.418027395884126,-4.647982716544135,9.94576115836987,0.09957273974630354,3.6409321124273895,7.239520872972648,-1.392778573333091,3.6268177074014485,-9.664982029326719,-4.575445765522252,-3.118045039067052,-2.570937814199006,-1.5540023195607127,-5.17908049367938,-4.8549442711302255,-2.4860370061475727,9.863874579889256,-9.036189927999715,5.0233573483705225,6.956919162317266,6.501822379383913,7.848473618136548,-2.7265477238154823,-2.4439019840404175,-9.329620529931491,-8.122852599278863,-4.513138280743023,4.524146848912867,-6.063194628645974,-2.044705649276488,-5.584047582380407,0.3330151284250533,6.136897823845761,3.6506816308010936,2.3910523442434837,-3.682350385197994,-8.654866866655563,9.632655273107964,4.22129486251573,8.744765532155117,-1.9012437199640786,5.553906112346038,1.7453848642062368,-6.26689372993509
3.141027660122324,-6.7203109121403015,-8.60558124324394,1.014794700581266,-0.0050352908245105965,8.90548673872637,4.054426019602047,-6.797658487057805,3.700635815189372,-5.1238359518642085,-7.519168699130045,6.555403044229855,3.3164679474879932,0.9161272631076489,2.806040706504781,-2.0264739772390783,-6.574822830350224,-9.975152390254575,6.542836996642226,2.2169122611121495,4.026182766850381,8.943481531169798,-9.23395059698391,-2.0681913367143974,-3.6079252235569665,2.5798110391426334,0.381390105915818,2.767662079494313,5.765807033846924,7.842996346422936,-2.04840745808969,6.561550089772851,1.5201124321691637,5.511384014392309,-9.882073815715376,-0.1980801588450305,-1.522405703975549,1.6296135116208568,-2.4138693135336293,-7.885914757426877,4.839519694116692,-6.143562892790515,-5.571590576014773,-7.708965857473151,-1.666063517260012,-9.966595947357293,-5.616197800921833,-1.1913074834204895,-9.806087478985937,2.9436457473467854,-6.61728870820212,-4.582310389692859,2.940210448307809,2.7579715161408753,-3.85175625490755,4.0693173336283746,-3.6665335077156413,-0.8357160308108096,9.94825920558409,-4.640202808886757,-1.111303109292832,-4.156907047659928,-0.3970304089900001,-6.23584407913051,-0.552598821632241,9.257050112252799,0.14402991907736684,-7.948173452829009,-4.320764664837284,8.61353379329428
-5.122189066182454,-3.0390111795408874,7.026034080467088,3.5624503433612205,-4.859905346699933,-7.676013723948083,-8.344760347013164,-3.931705483000174,7.893806311970891,-9.481129786078073,8.594965010292384,3.8579155036576314,-1.2788010211515193,-1.787851547533526,-0.6570599398440891,8.590871488646656,-8.895389051340208,-3.2901294079157957,-2.831806385514426,7.867418807456335,2.017987691470351,6.23998048815983,3.2077605378757923,-3.679471699798129,7.7538429574061425,-4.957846359217994,-2.3511650431385682,-4.065790761718631,1.7930114385267064,4.240969001334992,5.22138425428391,-0.10117675711959251,6.191372350292859,-3.7244571498012613,-6.609611979936205,-4.484032603396577,5.073551415689499,-6.3577380228022085,4.64468708088795,-3.945552101491989,1.2849634457793684,-9.51425174183657,0.632305046743884,-7.573484772207126,-8.33936107890911,-0.10379756419298936,3.8885012502352723,3.7010563385599085,1.3482136680655294,7.134094404179642,6.03217139569232,-2.8386669034707523,5.274469383837122,-5.386094844153273,0.9433133332056194,-4.959707402828252,6.4619582978939825,-9.840226226289225,-7.76402548816214,2.5351710714477846,5.415513109613579,6.684859461474517,6.225085370342814,-4.64672937305203,0.6298364745710003,-2.435781207047409,4.088598084302893,-8.505156422037135,-5.305425022540533,9.507024707460182
1.8462003162108171,-0.016039025562317732,6.736373087184024,4.172608688489481,6.314342967435977,1.0543320049058664,-3.8744176279475155,4.56424998770566,-6.5102405083921,-1.8125725127359544,0.1647641956348984,1.2375095194135177,8.60141445227788,1.5077330054451785,-0.7461010847705669,3.388317560746252,1.1313398677844404,2.5882519920210214,2.5633737801735297,-1.9873040400150455,5.083683431525969,-9.592230812130575,-8.174556818014057,5.001395183917914,4.33291497420635,6.748865011227608,9.83196448507033,-9.224730526917678,-2.6708846589870427,0.7134529636841602,5.0847725679177636,5.305172902553309,-5.4166932706524396,-6.293452869148473,9.038842928525149,-3.755456759006657,8.221005094504669,-8.646435507321842,-9.601553885048094,-0.9813910569192572,-6.467115424195702,7.209863524539493,1.8596044072962403,-1.4476067452016643,-9.826199526667736,3.699359440984848,-1.5014676057315945,7.48301636554767,-8.041246863525284,5.13551219432847,1.3203887808746373,-1.903095481015594,4.275690882164314,1.0171772746953813,8.667417070150563,0.26408085701714157,5.057742940796949,6.6053409459209576,-9.149567629493589,-6.198600324016601,-4.092850824714418,-8.595880432615036,-8.503359725400932,7.5445390185917525,-8.227852076529095,-4.04209678160615,7.969355214629211,-0.7455993988754983,-0.41063948767741465,1.4310505445076096
2.586261532459993,-0.7164504993833134,-8.710470230357366,8.322215369949106,-8.342890484408114,-2.1871597530210156,-7.470172761566689,1.1594663835366639,3.1156839460150447,-1.1354311576968499,-0.7020868190692973,-5.362565978371501,1.2647725191768284,1.429813756261968,0.5905258723326128,1.0817361760208843,-5.381175059688712,-8.169743678255797,9.745767460159392,9.616180486287686,-8.582028761543267,-7.838284575281625,9.32717512839664,9.925338163192666,6.6144607031946485,-5.238371926398669,-7.753265183259708,-3.575029445628381,1.7109451756357252,-0.9248674419494947,3.2857169322373885,-4.676774073637462,5.628759351578987,-5.271416454883124,-0.8976010000865369,7.008276307652466,6.030995536175222,4.117938627327284,4.09075533149206,-1.2968413555356904,-7.953097644732743,-3.379761463891411,8.099007397520438,8.638341898160093,5.964165332221027,9.777934896809136,9.043171219577523,9.898717754323958,-8.187235267843562,-1.022871235789303,2.8066687031687287,-0.2578364870443668,1.956728935568126,1.9855063043327377,5.499314825421294,8.836848932585642,2.296602390079096,-4.6638770756702925,0.6609864497742421,2.1255101091402864,1.5175642954509687,5.008656766022009,-9.721002474340626,0.1740677471860259,6.865744470646305,4.501843357728479,-2.2678609095720397,2.1528387493581036,-1.5950426680737024,-3.808318273427722
2.198611642317342,-9.953978473135459,-4.220344790770989,0.6883731456836735,3.624592974266596,1.2540326561603958,3.554097670190126,-2.299554721553867,3.4712009861149298,0.9676760657600969,-3.707405884539579,1.814668339205257,9.776530239562248,-1.9869749323407468,4.623091588585472,0.4261000868726956,5.442642432676765,-0.9689828767254145,-9.874797457888906,1.3103186426209987,-3.5945038906654636,4.660354788196592,3.3629095712128603,-8.059784516492263,-1.6399768112520086,6.063733340547149,7.3384397575788896,-5.519035752760368,-7.626174080001864,6.759335411382452,5.979023755224544,-9.838670424430344,2.617376775901919,-5.5452732301234615,0.31098558163030887,-5.9151468774855065,2.9949699502433837,-1.5481753030319734,-3.957760006406419,-7.257124026012532,-9.61597046013901,0.5763031041016156,4.327227450005346,3.6375039078095934,-0.28215358319155115,-5.540397819558058,-4.303532367867584,1.9308609030260868,0.08886957634818415,7.305202849809675,7.708379474211398,9.982180660056503,3.153565299688827,1.408293392779429,-0.31183140864733794,4.649021211443017,4.456844074124893,1.4675416314710166,1.0148384815318465,-0.08149800597230872,-9.205469641912787,-0.8146733473815377,-3.131844462816991,-5.08370108053035,-6.430906211824601,-5.630776421584855,1.674494270454792,9.795995903697953,-4.71417487277318,7.943237965468018
-9.181803018814904,3.296620160878481,-9.32571062942484,-7.815026369900484,-5.7772277203091615,-2.929786154181495,-7.3149965925030696,9.784406202114951,8.942849634121433,2.6709297102192213,2.393096601043192,-7.607872703427036,-3.123327520504535,-8.000012094888211,1.6521569228789836,-5.281836074673039,6.448965864982416,-9.024543941858719,-6.64184392499735,2.334933261870871,1.5108825065416447,-3.844189572933656,7.699763599502226,-8.227029106721398,-1.46346317792956,-5.430118988281931,-7.1521683794950714,-6.333283607158274,5.541633033075893,7.646619893921066,7.4270442781972115,-6.300461549495571,8.41770503531967,-0.7085697925975367,8.98051469421948,7.2116129861861715,0.7738808863236777,7.692069501886955,3.8378298622536064,1.2971086439529884,2.0209329357168,-5.26139227714189,8.144354376582015,-7.058548046296213,-7.767294881704081,9.072119993636608,5.423188379415597,-0.9928986813804404,-9.612170503775362,-8.792157272263434,-7.069017406534059,1.8598462369342386,8.251493034991416,-8.632445316621304,-8.256416131738076,6.45778277309617,0.7043061283758583,-6.798044015962368,0.662230598308934,5.269377482893631,-7.7164914814926,-4.348447677081797,4.266894961396817,-2.846081417175508,7.073540600152079,-2.1758518779575304,-4.337210975682706,6.1415119454155125,-1.7122034984656391,2.568502543271986
0.22268705620652085,-3.4134344965322843,-5.597933685735754,4.593241378039023,1.5846780413210872,9.069478134469996,0.1684999686125206,-9.614211423521528,-9.73886868235228,-7.220519835549153,0.028982421767043576,-6.8775603161354475,2.5598308518904584,7.772436945364195,9.69079612694474,-8.660717898406672,9.767501285057246,2.819564938286902,7.0578800995637465,4.510838854094594,0.8794595920785859,9.51392682605244,-8.469334073681074,6.659633758864526,-8.106830544674931,-5.683738613740649,2.739112974978685,-1.9667707334822477,5.084798664960102,-4.215858939762917,-4.475674345475024,-0.9036959904877904,-2.2044772103903876,0.8249244794578914,-5.800916918865646,3.0199102948266887,7.517963776684063,9.634829962168805,-1.0859896755024216,0.4383664736673367,1.039077879737171,8.496244251581714,7.907779548232341,-9.793204949320602,9.76955359529217,0.5220391629789134,1.2087098108196326,-5.890466644935266,7.9158549986716515,-5.360731908352918,-2.719849954931002,4.571365226038399,-5.120621913017884,8.448808876516559,-5.646188001860746,-2.071898759075445,6.195885002326779,-3.8698607593194723,-6.28104267897654,-1.1731226833924158,8.990266049363434,5.261017185746418,3.0162260957180127,2.941182541179078,4.712845767150123,6.1886437308138404,3.7608368757582085,2.39483587563603,6.959734265580803,4.88512137901691
3.6151745764329384,-7.503603801251213,8.235766908117526,0.5646986375971341,-6.651364576451925,7.191270733972011,0.7759305161692982,0.329025335864614,-4.504614749548477,-6.2698579255204585,-4.620390609152238,-2.129619135626683,-2.1635993167085292,9.325270158505251,8.658127917814163,1.3384597955007642,-9.157845500775025,9.858776247591848,1.8084944560011493,0.14477759151567327,7.411632638263214,-8.668397594881121,4.408764357768334,6.9625071218588594,-6.628186112692324,0.2932067036595427,8.211129899760738,-9.469870077360518,-7.914496794029715,7.4493407964724305,5.667695367152357,9.190086725207365,-7.482247977455961,-2.873332414315268,-3.150162236134115,-6.176882299597331,2.170324680974719,-7.96913337520726,-0.5305869874314944,-4.712415747679555,3.7115034617509473,0.7583199551124835,-4.364934211062275,-3.2351782335775425,0.3695252218957368,7.564331340772576,3.626898489205665,6.80922192959607,-8.388207141815638,-7.206822376881668,0.08932696693380215,1.4732894222297936,-3.8449100064323716,5.966784875725573,-8.449444115799782,1.1141283118221104,7.548252460683706,3.9114728561477445,-2.9349700770909433,9.438916217071878,-9.412858037598557,-2.809587828783746,1.4031042566278717,3.6491758041542948,-9.454066913810092,2.0144427115791324,7.869178539154053,-2.8462970223098605,3.685473746321545,-5.4202484784665295
-7.740989985746609,2.2530905064935087,-5.780403966361014,-4.916737070298856,7.558038823516778,6.944814204640604,8.530163422009792,8.690369239426584,-8.469399149421706,5.209081435491887,3.314818551355094,2.9697652451820655,-8.907345231538848,-7.034802146703645,-9.378096476898763,9.521038224831734,3.1151251118373917,-2.943805651195479,-2.7489399499079825,9.20668344732831,-8.472144174291259,-1.4810473677663687,-8.417144976087085,2.7755519451366126,-6.13952652883595,1.9875718291843665,-5.952930561330678,-7.690977599934426,9.199902504688264,-8.004724146602975,-6.1326681452412934,3.4483995985793765,5.868106756515228,-4.977239800475304,8.388908102697556,-4.355115446295006,-2.8871340978164266,-7.247888743357085,-9.110691779291809,-7.57027264127399,4.260094235398622,4.9852951792821045,-9.935394810168084,-3.768464955883493,0.23121363608017376,2.029590041492053,-3.2619540121638284,-1.12699205355751,7.8970156728173215,-4.904777276181105,-5.09776197125384,-3.093827818406325,8.809654827570512,7.161495110343207,6.095417797783558,1.766481476810851,-4.7135374700889905,0.4457611768333347,9.42970211682264,-1.815166796391443,1.3611520838851643,7.748754067605329,4.381077624619397,-6.126257839434388,2.6333282118997268,3.785620437455714,9.240385725081385,-6.097550418247928,-6.460878182135692,4.10133664489436
6.010362656876161,-1.3308793848907854,0.4371718886694236,-6.3237375738109876,-8.678323009477172,3.2341751803091334,-7.101693475722943,-5.697440356704875,-7.022587586251214,8.202968603935311,6.476596382031147,1.6795865546227873,-1.495533305801061,5.320593368876899,0.870762404207575,-3.029573110644474,-0.17495396684901188,-9.078710701672952,-5.644760642472189,-6.219007866130719,-5.551070089032903,-4.381010166280859,5.444332234833038,-3.4674082007953206,5.4752284046751125,-4.264391864471211,4.1673368659506576,9.244970084249996,-6.545583806021858,4.7883621143755235,3.31339443255348,7.895066656727245,1.4008727983737401,3.5410036297051466,-8.716452827736102,4.196960189769353,0.7475605728082613,-5.788097210667777,4.63184935818251,-3.251862930678837,8.03100773361026,0.21855895295896488,2.458128295394493,-5.822528295509124,0.9421146008653807,-5.617240368542409,9.46228736517779,-7.299347834445829,-4.79886461431513,1.0835566610241383,5.769651618688682,1.5738455155973732,-0.18595668169846746,0.9041030703923987,1.6918262357233473,6.313021707729455,-4.986266529433891,-0.21610245138768036,-1.0050400115425635,-4.662478874523337,3.5135764736764514,8.284984258813292,-2.462959813076395,-2.518486921896452,4.737788339922265,-3.138065897227036,8.812517278985158,4.05065688953311,-6.05709456037861,2.71671617343344
-6.689419300306907,-1.798594975574531,-8.88571209592065,-1.8586852214236256,-7.451515418677741,6.355012884417182,3.4837788220450445,-3.890354773661353,-8.948590330230797,0.4058524039018767,5.218920164181933,-7.79370033012738,-4.1962656190984475,4.1550292252791685,-7.625959209543596,4.984340117147346,0.2529518620216553,-2.4668190948630393,6.631651109687052,-4.558735896884039,-2.9678790125980026,-4.711984991544512,2.999623078160681,-9.526293214681232,-0.4919393056083088,2.671290966905655,4.347591191149663,3.0374555101888703,-2.285231239807559,-4.636458349921854,8.859553237884072,3.785945076114462,3.5058143487373776,-0.014822774668736827,0.15040200009378957,2.8151359331109767,-8.205993175777683,2.1483204464535284,-8.538787280881845,-5.748000913998135,-5.154754884986885,1.5706250342750732,-5.641632120907416,8.938267942993082,3.298819403402275,1.61216461972945,-8.261882510900486,-3.390949256087814,1.860050309736554,5.3079205694403075,7.049231130450554,-8.202539266661894,-9.07169505574318,-6.895086688269263,1.7229326028853222,-0.17035221108244514,6.1980740828423855,3.953691964168904,-4.7873970113983155,-2.990340441366504,6.895460635075651,8.761837794931214,-6.900631645393052,-4.512397145457799,-4.825402794238038,0.374627268371718,5.11348862163995,5.769514002425309,-6.937288461557953,-7.393900376172109
-8.08171331559892,-8.11728008089445,0.05202355570620476,2.054114306331133,9.013473832367865,-6.6839600610733925,-9.22340658605032,0.5146248524017771,-8.247551990505604,-6.552699178402235,-8.913762834103034,-9.579992563564797,-6.950980622905951,9.64939712992301,6.596433067745924,-5.035855064504656,-9.89910218926947,-6.181533284460546,-8.939067054782024,-2.622199124409768,-6.32352236320183,-0.348782581110898,-5.744243169873348,0.9125863901273448,-5.51114991367365,-6.652489365774672,5.319572030388562,0.177202346476804,3.029716681073575,-9.324034239650974,-6.1133544130749495,-3.4388143969862046,-7.172731227209949,8.289430947884245,0.6702596607037243,2.666812201755981,2.070077071549827,-5.673742685594638,3.9959231046863835,4.118247040486228,-0.44995773656580695,-9.666999269552758,-4.458815976502399,7.569787214488628,2.148103528329216,-5.772711513726958,-1.5707150252996662,-3.183706725315149,1.9760099389760235,3.267903929478205,-3.4635734556600255,3.4500516103841576,-0.09996272353433078,7.4719035274726195,-9.208294855891111,3.2853439642714317,-4.875603903405898,-7.600044942354227,3.3247991580541854,3.2002774347168295,0.6426683520825165,0.9361666506858128,5.462432067143093,-7.019944814780343,8.150457704710977,0.18326565924182248,-7.795220798481086,3.9685277209309007,-2.572496389536796,-4.038580845734145
-3.273325513510539,-8.267650686010482,1.2402033379244735,3.8353012950190752,9.940145827862107,2.1546737235093865,-5.358951516522181,-1.455203463474179,-9.58632420115297,3.0150962949338105,4.552179863566469,-5.66185291992576,5.778036626832417,-2.873821320200176,5.464022914208186,2.6873268875945477,-0.6064909484593013,7.150513759252565,-9.109264767731805,4.254241190192081,1.8704451559599473,1.3892231093530327,1.0206442216453802,5.196280341184753,-3.3409461256962114,4.374400869648149,9.786311347660945,-7.752057215844994,-4.638977573974388,-1.2542041748960244,-4.211495349852252,4.3278481890733715,-4.110858529511965,9.069556566337884,8.692129879101401,-1.6639581469807023,7.945921669676618,2.0267443089488264,9.237352388492084,-7.3638516537337555,7.6571215387679885,-8.992817371873699,-9.144400107577175,-3.0695939571019126,9.858840502518532,-6.29384170721075,-8.104962338270404,-8.48956153032048,8.399398203293444,-2.284636199994581,2.894810935576393,8.706501396380418,-3.0524366357675063,-8.190133818156797,-5.0222586979488515,5.132127110254244,3.7263334147411538,2.5241493580825214,-5.685689912481584,9.905443755472781,-6.156269998267707,6.911347896972909,-5.345591800251559,-4.565527224627665,2.7813652690121504,2.9280269999300135,-3.9771946906558036,-0.33866154376348767,-7.000035281132526,2.714496782267883
-4.629883895200678,0.5934349985846588,4.393280118939444,3.1054957136850376,-2.7053384201197295,-6.405471170374579,-5.3225798886388205,5.077649214257606,7.694300452322107,-4.915991678749318,-9.015101635701885,1.7922433473967878,5.765072010006184,-9.03425693170902,0.680901728901123,6.339808613311,-9.528608764071894,-5.041781823254993,-9.018130441915043,-1.2578072365748874,-8.114657252779418,7.583343287225087,-7.897701606052152,3.5815354908806505,7.913767608096542,-3.565313451884866,4.288222935898535,0.963396704357752,5.291802408248319,5.771099755491548,-1.6495812271248056,6.055279698328448,7.263595230038305,-9.887494049696775,-1.631395262750253,0.2205048617331009,-9.264841856754249,-0.2870810126662793,-0.3675464945637472,-8.058755351259686,-1.3059365907488285,-6.487405919415825,4.9455970791161885,0.7036870759351377,4.275970719611362,-6.015097726513856,-7.794051786767236,0.6668033876156407,-1.292013915398746,2.072923352953481,-5.9304552724107795,-0.9635275247222701,-2.0342423676237047,8.234439267598962,-7.544036733300641,-4.0520050852426674,-1.020201909481809,2.6874834845270854,-2.340112783263118,-9.46975214421544,8.166151215578644,9.472332087464853,5.3687242951014476,-0.1612866299948852,0.06018822894871789,-7.008485324290763,-5.801552338399835,-6.326133158863287,9.471495774128595,-5.424251229412153
3.997999960210999,2.5152083019201115,-4.895212915248184,7.242270426494699,5.638004884483026,9.796531577578676,-1.7798732046258685,2.089899245891143,4.11873885884755,-6.751481671266404,-9.505812964816156,-3.3001441594277114,-0.7497438634426992,-4.0414584021001225,-7.153864196868442,3.414207601735807,-0.17448423347793351,0.9362269327811781,-4.9040586674441204,-8.07251570800716,-7.7251934665797,-4.954116920801974,8.982270482689767,-3.6970490012906065,1.0227771526326617,-4.543391856907579,6.919314872370425,4.919451119639644,7.521257287878704,-6.034265766140033,2.3424486301567615,-2.344604144336328,6.70689395583916,4.30823661947432,4.642484118846333,3.933825489255888,5.858483928688987,-5.475742707976541,5.502338290623964,-8.3799304553384,-6.515080230059221,1.1867643996567967,-9.037724361777165,-6.791807453197278,-7.303202795228887,-1.196148056768088,-4.718303100618195,-4.445841691614905,9.727697184887678,5.338658825505389,1.1529909732202608,-7.54018457977752,-2.368680904622906,-7.804351825705799,0.7090392973794302,6.813501392042699,3.4099931230353793,2.8039139401125865,4.524944339329357,9.249352640381563,1.6114122876437733,-5.63634957730192,-7.3110441308668905,2.249162923931804,-3.5374226159264737,-2.127477276380305,4.362260252040649,-2.8151946811151056,-3.8790960799010943,-5.7105598333702945
8.085554131652145,-4.188854812109561,-2.4875055882040193,-4.873279001160018,-2.461150619002888,-4.498260970457617,5.930271982624358,-2.1392178697940434,8.288831788975362,1.5508327333062581,-6.9730759726709834,8.678962082036229,4.433080311345812,3.7814402384119017,-6.22354109579748,5.671583773605473,-4.2360927387191065,-9.671004532852612,-9.156372963096802,6.803514561020062,4.586731168036868,-7.265083370024672,8.375210831397581,-5.408621772463141,3.411491425667986,5.676241807072582,-8.6270910999479,-7.93958375725381,2.19966931352066,-6.735251630867715,-5.947539954301098,-3.6316783642875405,-7.502446980139352,6.330795091600521,1.0234957745086781,-7.6184726006728525,7.161251723125197,3.3848317977348046,-6.818335412615939,-0.472964424367845,9.305714493203318,7.2224926047409745,8.541223118977904,8.286035988693502,-9.677417264212352,-0.4809213048538794,-3.2720292260555013,8.111607292026502,-3.743463623640624,0.724492330267914,8.951371620526114,5.9462075648011865,-3.5772068002014983,-1.3026939545197962,-0.3435477564241367,2.803301547452614,3.771405452061579,-6.620416467949834,1.9738044839025637,7.623565230510675,0.8275452158183114,5.391633411299415,-8.372735997103323,-1.9690187005441686,0.4669955849677816,-8.210174849755594,-9.97634993709191,7.888283978184319,9.499801335746799,-1.1370953281459428
4.645372104018321,-8.456618816098178,-0.7601303006859794,-3.6032257284441416,1.0377727789865983,4.782570900456182,-1.8015249716119381,-4.771088299969084,9.790332573335064,0.20784904724885145,4.27432857232856,8.806666849388055,-9.602316172400174,5.170051962003475,5.842945399507091,1.8534199910756826,-6.923897979197193,8.247256303269246,-2.887535577842373,5.705912007790193,-8.534103659262227,-5.244961044119984,-4.827834068055859,4.41343165418,-4.654921618023378,-7.6797450350964125,8.526568060408433,0.13864203898553917,-4.1231992018892605,-1.1436068128706331,9.546522862730498,0.46706779980070223,-3.493664124250177,-0.620309463473669,4.036887337432306,8.928831765687487,1.9858410136168292,-3.7569239893420203,4.794739864980533,-4.7734137596290775,3.3658580293792983,-9.242529165792714,-6.207414543068486,-0.7986493454679753,-2.2250362473070373,9.396925508051687,-5.6803920764890865,-2.3540292307965904,-7.318978885423409,9.690957895188603,6.494466105817491,4.898582898530625,1.6639110603154315,1.1741606774040179,2.2612323063684965,-9.991836778966315,4.985306356905303,-2.6066318068527083,-4.307490428633123,-2.8264737318167477,-5.824913677793648,-4.949541450360133,-6.78373146044372,-2.0679605483421675,4.845975170907053,-6.038225433733584,1.9459998553498625,-2.9225689854210675,9.238581792941623,-3.009845774403419
-3.061112795284677,3.903539623270767,7.587616362425937,0.49156816893709987,-3.607808913634754,-9.682646298208628,-0.38899010156404046,5.1426413319088695,-8.411334236388763,-4.617403007464624,-5.84018760376583,-1.9008330229381283,3.4573974626869735,-8.50784842586827,4.976982412788262,7.380374291653347,-7.278549576076014,7.92674107016677,-0.47651119714330115,-2.1255975166658736,-2.8809199946378445,7.589205358723923,2.2664787466572314,2.8786502248231916,-4.5491318339734494,-3.805977921768095,-1.7321591938839518,1.7411284695606728,9.190412437662506,-6.419162595001675,3.2879065845271214,-7.562439172849055,6.533593048847315,3.0380133972573624,3.085917703365835,4.758040834743211,5.8906714756752,-9.862246181392605,-0.8923354510648736,8.682635267406578,4.057917453134085,-2.5660188714844656,2.8409910450478844,-1.87545847814987,9.189924426790661,7.5470631890563205,-6.19734131580592,0.5703471965695819,3.724003558323414,-6.432734960980304,-2.2314799000137553,9.704632634641783,-3.552718219330451,0.7579190104911433,-3.5043994335464763,9.632630049167972,-8.751910265187671,7.534999618202484,4.088585404703956,4.68199868809587,0.6768086179033794,-8.214909318995732,4.182302066812406,5.802386104864773,0.39409045808940135,1.3356974239991537,-0.7488215608797404,-8.227052716401746,2.945024953189934,-9.818307039266505
-1.550651765737232,-3.922952268483508,-2.9426359049522155,3.510054875028125,-5.551450349785041,-8.632208623870328,3.706331663580313,2.6479647031487445,-0.7931571074641859,-5.503226691254524,-1.327504386001447,-3.1528350014491746,-1.6973862833285374,5.9069303162962346,-1.672314681360552,0.2487116246661465,-8.09652044066118,-8.448469345920959,-9.45650672818793,-2.6555371017735148,-3.8582373413828392,7.783624947147466,-3.826373314670535,9.02353821114599,0.12134746135106234,-3.1177692023371666,-6.525651507277878,0.9301912295377441,2.102313256715547,5.700525030779451,-7.091638864697689,7.787980004711688,3.7483687495443085,1.0314451319208278,-9.44340475335488,7.81828320396048,5.048962390650683,-9.527516781423707,-2.355695390539978,6.175885136060902,-7.214951610030544,-8.254194707774483,2.8580082989381754,-0.08564925079275909,-7.552632337249499,-0.8192643955089167,-3.9510812371805297,-3.864088427267978,6.093289615232134,-1.6532516323609947,-9.295897288868279,0.2505307736832929,5.905631519876746,-6.961332943854977,4.111002482376007,-5.6114420522266055,-8.38715350965408,-2.358884240538819,-6.533253339087677,3.9816306506623462,7.511341647179851,-0.5557186922038237,-0.7247783123218277,5.29426630305559,3.927339296775598,-7.201266043881502,8.563165604410969,-5.139369104044733,-2.2149141568166026,-5.433179310409457
-0.3748948974969739,1.9623527993442114,-2.728092141170279,-8.474624645754607,5.928113147640291,-3.4181008766047967,5.630859218638173,9.986786036221027,-9.82677806020574,-5.3771185975427365,7.316554210821195,-4.302033966240288,-7.253468119236512,-2.323277357072895,-8.37317711001609,4.5925802499016815,-8.310938177295455,4.4091480349270356,-4.600272035812926,-8.647039361225797,5.219727147636732,1.1684112543514331,-4.53820230784981,4.0899713027720015,-0.18189882876322727,-3.9312297418791857,-4.913671029929974,2.5756586550941485,3.5308401124733972,-5.910026414343072,5.805680608040603,6.243811118175838,-1.3327674182193672,-9.576734790277532,-3.4742377142434755,6.682804615697155,6.850545866690368,9.726996146490471,-5.80599349695863,1.6079974121951306,-5.488999946547852,-3.8502908832564975,3.738819273541626,2.6910228983348787,-7.33107294370827,2.5393104240977173,3.474983068477586,-7.882672445428021,-5.127198561224191,-9.291891418630676,9.634383746374958,3.2796132174238597,2.8453677770652064,-0.05848499867631318,7.226411712554,6.384703339334788,-8.829179046874302,-5.199355253318658,-3.8679831478844706,1.2720516958392452,7.293130034435247,6.010523054606253,9.440608564427674,6.011415071239831,-0.24006035223814948,0.034333995510898774,1.8506611053079354,-5.900513273889308,-2.8197740786963132,-0.32408129183478174
9.342853956163694,-4.062995711050712,5.521108148711374,-5.715726960399634,-7.104009298897374,6.2445373138696,-6.679467732529596,-0.7054315812328031,-2.1198423394507433,-5.319902440013211,0.890140099916298,9.098686381293962,-5.516267486852735,9.439610953483097,2.424751338271138,-3.3441087199285358,8.71746570248169,5.2717380088695,4.705128128008951,-1.8881270506806818,0.6341380437550459,7.834436890093389,-6.980077060888803,3.008433506075203,-7.304768994756774,2.2447436833436605,-6.4219521467205976,8.48866471825,5.9980212686195085,-9.854959722941896,6.506684900388752,-7.113232467774877,-2.655318436277689,-8.027462886280421,6.551067390821416,-8.243382141929683,8.24495748887217,1.5081305193913064,8.291379192688474,4.625052106307848,8.873431806287236,-6.653192761024074,9.28745827644915,1.2912106950531879,-0.19410504779693838,6.1831643448271265,4.212559559962479,-7.589828366860985,5.575892277338198,-6.169780087769463,5.817763223312207,4.459865496821283,-8.59035167559093,1.7185953718343345,0.19734729597484346,-1.852497601027654,8.602680586009711,-1.4492637461284712,-3.999827158566635,-0.7468882843012299,9.988126687331011,2.6496944776007307,7.730075216457337,1.7874223392484154,-1.8653418565963413,3.0349679450706155,3.374859692037157,2.9465453066509735,1.6327425664569404,5.823422990317065
8.61396157546277,9.567185281397734,4.336265112435289,-4.93445917980897,-5.5119841335378865,-3.0349636007726115,4.9722282558832465,1.3726462079731228,9.880826667620969,-8.381713736985185,-5.978379223137093,-9.882776340748345,-8.289795870354821,2.8725816784833125,-7.732383675841219,6.186220049874834,-9.342100447881794,5.455370440784204,-6.041542422194537,7.4522437440646385,-3.468319619188394,-2.9712873045042283,-0.30900892455682616,-7.911545139363289,-0.2513472173310731,6.393700916508543,-7.773644406947504,-6.632280439452725,-6.202553373574517,8.32631763016781,4.057184542497067,6.647468307209991,7.386448358545042,-4.020416339649094,2.278635785073579,0.9899685885078942,-3.5851547512557573,-7.973830982452082,-3.557125154750178,-0.5913243493905362,0.7472455648979892,2.6432451681063878,0.34773527197200593,3.68292358659083,5.806834762544735,1.7862398141828848,-7.25282507178,-9.556643772694693,0.7985721389529576,-5.076342095066022,5.899745959033675,-9.240012780890057,-0.011577234976327233,-3.864793076639259,-6.505146870600605,3.9478675941791703,-6.336529852045317,-7.424549275825125,2.873956623070171,2.517690669311248,2.7539625201825775,-6.334585160349453,0.02636056900935202,6.870749075133258,-9.903306520202126,-3.6455036932178153,-5.869466021210106,5.242926489912218,-3.784049404441139,-2.0238878492910466
-5.092591226960992,6.235369732790591,2.6033225584945026,3.0890916415524003,4.998618147602375,-0.42429565250991175,-0.007008871250517856,5.720587358183849,7.493712816602937,1.9748163888147463,-4.352893155226338,-8.33625862990193,3.7262223478013397,2.4573168261983156,-3.758292350212149,7.273387237125107,-6.754014355433942,4.555206310833109,-1.3525227940271005,4.857207714830253,1.9107173398647088,5.1622667011935,-6.89736211169272,-2.831150050446385,6.400234809769842,0.7948762525013855,0.9979591607455145,8.494993162107644,2.8079453215344543,8.278354339358302,1.3628214785035553,4.761203626094684,-3.0529693742004778,9.381612452653208,-1.7904380974171126,4.317578660222326,-4.944298133104496,-0.8182929511953052,-2.0718401598065466,-2.089395518662858,-7.674923142450152,-3.2986653516503424,4.378018900793318,7.765518872491832,3.0709339038756447,-4.835383225418324,8.152175473966732,3.020608013216041,3.741810597674027,-0.7727753920774454,7.113899797503361,7.72218425010551,0.07876546365204717,0.6473375021143788,-8.799224151339505,-0.27559294152611713,6.1802717240205,-3.0876517558307643,-2.798554027919944,-8.712245467017176,1.4869068914177532,6.058039809280459,-7.054896591796718,6.443369964136984,3.02698318408358,5.578404207152667,0.8472956041054331,-1.8590546175812364,3.8371134398131534,-4.010931671824267
-0.445910760395245,5.046026036454991,-4.131627455462931,0.15920842801517665,4.548403937395506,-3.1286011807847185,-9.764472078896503,6.6482346289452074,-0.030961170759500334,6.687150838449224,-6.477610527358937,-4.902797479040684,9.292902309052884,9.427238835313155,4.215879437088931,7.7189677126635985,-2.73630245752571,2.345343113268598,-0.25508395134739636,-3.0691111934082027,-3.5623191199125444,-5.190212762898545,-3.2893250839015575,1.4899924031172453,-7.523519849509162,2.56402160194172,-0.48904842945248816,2.7195827800920753,-7.982059064753773,3.7963812212316217,-6.3353373696836845,7.760237839018124,8.72314893090143,-3.7027401742627326,6.134442448475006,1.7008256713702998,-0.9447420348914886,-9.49289824843871,-6.212661239000599,6.810766270267756,2.8818420047346276,-3.641198546934696,-2.629011364109674,-3.0445001496172814,-8.653531305760447,-2.3530051946001063,-3.373645821069138,-4.471840551007151,7.910055560244299,5.07143860249988,-2.4624944051947084,2.3887094136095293,6.615731300798981,7.890570074545856,4.6901561922503525,9.901577438612005,-0.2947551687844179,3.075137102245556,5.602147715271556,-8.9526837139344,-1.4486024873304082,-5.97876153707716,-9.428942800105807,-0.7812780788328855,-7.05687112414954,-2.4766429639437675,4.468040986203778,-0.7324750990986235,6.07065524505083,-9.497477584779004
0.7278121925422063,7.002346753328553,-4.708378938734954,2.9556049520550225,0.5759813556367668,-5.314998165882187,3.890130004748613,5.533363674816261,-7.146497364625386,-1.1837723570391603,-1.6516242179394602,-2.969742066552323,-5.027325497662664,8.063534619480293,1.253892922695396,-0.9101436137960377,-4.902102727856366,-3.1405252223530677,5.323326009071733,7.8130862646049515,8.876438411548424,-4.597420595827522,-1.1321466806130775,0.2185466393998965,-3.655859270835635,-7.553441861195491,6.532451623670504,-3.9251240142167525,9.724601129223196,-7.154981844492747,-2.632900282301895,8.162327876370647,2.9786819735781265,-1.1687679861745455,-9.942122166664767,-6.432440129830175,6.582536565127672,7.702078950814023,-5.4589453140844775,-2.603622735872852,-1.6172170971819622,5.417333143742336,-4.975324180735541,-5.543083884844351,-9.636564572310007,-5.468623419959182,-0.7726263196264416,9.747504170276958,7.479332182087703,4.607290203327725,-2.019813645338524,-5.675992912865309,3.143577279923356,-0.8602671871279242,7.623437576221523,0.08658809876520124,2.6386382517103826,-2.9710568290318173,-8.594840846366985,-7.797988959509454,0.5711113647326655,5.361149393346583,-9.687125781929147,-9.000517741887045,0.6523847953727717,4.464513108185912,6.775530279975186,6.530204288317133,-4.175875456081535,-4.531968718511202
-2.525400688735182,2.9863561729656283,3.3967779797264654,2.580494338229691,7.715197785148614,-9.839140214793293,2.5936045710319746,-1.8927615458445572,-8.720975495048515,-4.888469144822956,-4.095348629761428,-2.7231577613584257,-5.397971648657434,3.9254362697458873,2.8427146390060987,-5.354869413913567,4.978135228486202,1.2010479324033856,-1.9724298998878798,-2.66067347474001,6.702507033211351,-7.096394595243902,-9.37499975765688,-8.152228504476014,3.6311231677188704,-7.482093361349838,8.357272078547933,1.5756335848398209,-9.149362454238606,0.40214902947612075,9.095666520441196,4.111464621967711,-5.511915718741625,-8.494353129827186,-8.083150816327837,-1.5031520247882195,9.595998090222352,-2.189512921803054,-2.911608316960055,0.500122353939517,-9.309568752796583,-7.201797120961714,4.28982269423782,7.363383027448368,4.051321772258964,-5.581777010624256,2.793889977361566,8.074432090262562,9.369780993939315,5.159032843963239,7.8635431553850275,-0.9264045566513666,-9.190611992433679,7.026392999815009,-8.183331568154877,3.5914982146614864,7.633802051855927,-2.320621688854354,0.29967879009616283,7.95856194167721,7.378017358145652,-4.541529041251577,-4.868110284783793,-2.046127770594306,-8.362868414772894,6.798001292185653,-4.7864022527297845,1.0472506054966395,5.086727500495524,-6.9176563471572745
-4.738515815136807,-1.3212462358443222,-8.133458510858219,-9.466152066751885,-4.176947030899045,-2.138228402169611,-8.656770964882485,-8.94468676143136,9.630340661298774,8.72001886551049,6.190930440325143,9.869815025389144,-2.071909769062586,-8.161247106160905,-2.2179626769642757,-3.911239391927486,3.27871013431829,-0.1041976718014137,-6.037885490359766,1.7535619014412447,4.277690611007499,-9.08858405011366,9.432596634544197,5.784777630553052,-8.489053289318631,-7.793396038872677,-9.27759228120415,9.226977571274737,2.8740549475168464,2.8685294511555703,2.1426338134609146,1.536404459146972,2.8479284016992636,-1.59154402395977,-9.166521797384613,4.1487974651633905,5.628672994524855,3.3033638397922047,8.112564809807495,5.774094427500703,4.116247029395019,-9.892715694132391,9.830585135494815,0.29812961491457024,0.6752840578425534,8.99751354528458,-2.1983500782232905,8.855002544587695,9.851443594612842,-3.062575472921905,1.6034758288692252,4.704900829246801,3.4012238583412664,8.738050420799418,4.293538967760426,-4.812881783985247,7.92153910314315,7.825064698489527,8.080546691210891,-5.418532415534356,4.876801526197788,5.188346956377028,6.427169867046121,9.536941482980001,-4.308328144158486,5.427048694659618,-6.925636468604663,8.260610840688564,3.9584349044105753,5.623041400694602
-7.192752245019016,9.451002990435548,8.941241959884923,3.516541279272417,1.29706104296422,-1.8469415410065277,9.158513571315222,2.9672614150294834,0.7927902540095406,-6.390800440794672,-5.308400557429465,5.510645206110885,6.7011951709689335,-4.4820072656147625,8.799345351388737,0.6180397669859854,0.26856888841340876,-6.592977704152448,7.160939180071267,3.33980031897768,-2.5660418445506528,2.6252922445871985,-2.8716715955356786,-6.241907308767352,7.793061185676905,-7.367257066574135,9.446877628687968,-6.901239100216829,-6.006454219432147,-9.302320609422516,0.5553000304322531,6.088610396869939,2.004412420154649,-5.693967163555711,1.468711927279836,-7.937467611517173,9.90422160205766,0.30241981447666255,1.548094423567365,-3.2019342470055783,5.3564124834365,1.1657166485876047,5.535472166545869,-8.341001661091152,9.306409329314139,-0.7490378639434869,-0.14379168396594189,-4.05534100030708,4.028584720270953,-4.125110878694198,6.589661831659949,-3.0194002108008755,5.838401899699708,-9.314026220293153,-9.211162927396234,6.367271536514899,-9.660134082045058,3.878055442691304,-6.6055227770772085,-6.261317706095724,7.382600955518537,4.068411091298557,3.7302263420404422,-9.497333021252123,8.84513877217795,-0.8847026695528033,0.3524771481196609,-9.7818861257289,6.372807553358342,3.984478536010732
-5.737620264607484,3.3144624849468602,7.817000633923708,0.8556133369812393,-3.573176466435055,-1.980723089899893,2.0184961761152103,-7.558848116791223,-3.5802838878811887,-6.671900733578973,-6.149081504299934,-4.969881979080735,-5.930360930375733,6.637452412696266,7.211030332836025,-4.175807838255348,2.135577165449094,-8.387692378061864,0.33025730704058986,6.236572034223624,5.949857822111813,-7.162423354772702,-1.9970424156222588,6.086258944126524,-7.620653573584613,-4.88223720191447,7.61221943804896,-8.152558948200923,-4.934808283192302,-3.4496157047325093,1.3974790319140968,2.0926291925645337,7.844946642128072,5.185370545070354,5.927076956390229,5.573827837393978,-0.01475416867961954,2.4743285021634875,-1.6885512284570048,-7.755697026043745,8.622962344669745,-1.05795186123615,8.137219844364726,1.3356403156372227,-5.542447024200654,-2.842735376085357,-9.592622021722592,-1.6732938626947718,-5.266093486555219,4.141025532169149,7.484490925368959,-1.294426638691636,-0.4579447100839058,-7.154827477979162,7.997681539626008,-6.717814808654488,2.164014047975595,8.148958085851241,-4.275421312577736,9.267649812415367,-5.101876139323855,8.72301376691151,-2.0300333272028475,9.505448713644462,-2.674194527445093,-0.8198118225830235,-3.755761567001638,2.393379661920145,-7.503640355673182,1.5031222412092067
1.532858796514443,-7.386885587133856,9.454702785436684,-6.362387226907673,-5.048379675138575,4.104227708698044,-0.9450361275889065,-9.261875481668213,-4.789938512432852,3.40731526201424,-4.262563396410157,-7.833947053684975,-7.33592793265184,-8.420068094705648,-2.1367766618262536,4.751547804849849,8.738433042905214,2.9022520575285053,8.783203470792074,2.425695892978135,3.219564142536411,-4.766331043262713,-5.953622884578696,8.20481620987199,-0.8388410311073322,7.376148567849981,-7.510450538204216,-2.0757436339780133,5.846166302047507,-8.927582750288934,9.6436782895119,-7.677552424438721,2.8808904161903506,5.2910572736906065,2.7745960695732474,2.7258183051899962,-2.682652168444819,3.6076467926974836,-1.6662970827738413,-7.802687634068144,1.8136418583554725,9.944893467804018,-1.63032588781574,-1.1893275114116904,-5.098551486856766,9.570081783795452,9.099221948198888,4.564070368243991,3.9034337899735316,-7.030793911533932,0.041121483921216395,5.938831319900235,-2.795703455316607,8.270048319103495,5.488776717333764,9.316937146323149,7.142961781099224,2.5803160813980153,7.776292906071497,-3.351275135159259,-2.2458609219501184,5.612413021135252,-1.5366546489951567,-7.080038184777617,8.599057619817426,9.33386973082452,7.575409488888948,9.378826275377893,-8.397068896878938,-3.5340409257727394
4.490721903304982,2.5588356314047473,-9.529711281101878,9.090049569094237,-6.19098721129383,-5.866075821460182,3.708910579676994,2.3360416688828423,-0.9352696077283351,0.7224787047197019,-7.872669894811077,-1.7085326694521825,2.6727941779971864,-5.427694670556324,6.799137782363275,4.136781300880312,-5.949423513322378,0.3001246978624721,6.721551369961816,-1.3721930568088005,1.5841991280680965,-4.863182064032174,1.795500577792419,-4.366676977774018,-0.889996050261793,-3.0814261294430096,6.4691033080626035,5.086514066006664,-6.044758444890701,8.761120628184464,4.614911335233202,-6.53752388954252,-7.819049090363008,-4.3244145810659536,3.598334544170674,-4.17661422070005,-1.8798403008453395,7.367022487668752,-8.683797229462474,-2.4550958622235903,9.874356196182493,8.580822192736235,-7.381103409962318,-5.82397877319462,-7.2910855987635115,9.112990777291838,-0.8612768629067844,-8.668420667588547,9.027775959217575,5.277487104305614,5.768110323379474,-4.175097032938579,-7.399605092475472,5.597968025789658,3.686994615807288,-4.086952152061636,7.5012252405544935,8.552959723628668,-3.256017879056281,-7.572974219909394,-3.5843144029984764,-7.366254752752857,-8.526808870992568,3.8875690376288965,9.228901564135533,-1.1496402183700702,6.860861934137606,5.9172138231608535,6.987089951123583,-5.261568086616104
